{"o":{"$type":"BizHawk.Client.EmuHawk.InputRoll+InputRollSettings, EmuHawk","Columns":[{"Group":null,"Width":18,"Left":0,"Right":18,"Name":"CursorColumn","Text":"","Type":0,"Visible":true,"Emphasis":false,"Rotatable":false,"RotatedHeight":null},{"Group":null,"Width":68,"Left":18,"Right":86,"Name":"FrameColumn","Text":"Frame#","Type":2,"Visible":true,"Emphasis":false,"Rotatable":true,"RotatedHeight":null},{"Group":null,"Width":20,"Left":86,"Right":106,"Name":"Power","Text":"P","Type":0,"Visible":false,"Emphasis":false,"Rotatable":false,"RotatedHeight":null},{"Group":null,"Width":20,"Left":106,"Right":126,"Name":"Reset","Text":"r","Type":0,"Visible":false,"Emphasis":false,"Rotatable":false,"RotatedHeight":null},{"Group":null,"Width":20,"Left":86,"Right":106,"Name":"P1 Up","Text":"U","Type":0,"Visible":true,"Emphasis":false,"Rotatable":false,"RotatedHeight":null},{"Group":null,"Width":20,"Left":106,"Right":126,"Name":"P1 Down","Text":"D","Type":0,"Visible":true,"Emphasis":false,"Rotatable":false,"RotatedHeight":null},{"Group":null,"Width":20,"Left":126,"Right":146,"Name":"P1 Left","Text":"L","Type":0,"Visible":true,"Emphasis":false,"Rotatable":false,"RotatedHeight":null},{"Group":null,"Width":20,"Left":146,"Right":166,"Name":"P1 Right","Text":"R","Type":0,"Visible":true,"Emphasis":false,"Rotatable":false,"RotatedHeight":null},{"Group":null,"Width":20,"Left":166,"Right":186,"Name":"P1 Start","Text":"S","Type":0,"Visible":true,"Emphasis":false,"Rotatable":false,"RotatedHeight":null},{"Group":null,"Width":20,"Left":186,"Right":206,"Name":"P1 Select","Text":"s","Type":0,"Visible":true,"Emphasis":false,"Rotatable":false,"RotatedHeight":null},{"Group":null,"Width":20,"Left":206,"Right":226,"Name":"P1 B","Text":"B","Type":0,"Visible":true,"Emphasis":false,"Rotatable":false,"RotatedHeight":null},{"Group":null,"Width":20,"Left":226,"Right":246,"Name":"P1 A","Text":"A","Type":0,"Visible":true,"Emphasis":false,"Rotatable":false,"RotatedHeight":null}],"HorizontalOrientation":false,"LagFramesToHide":0,"HideWasLagFrames":false}}